date,indexador,spread_mediano_bps,spread_medio_bps,taxa_media,count
2026-04-13,DI%,580.8,573.275,99.65406666666667,12
2026-04-13,DI+,120.5,218.08825561312608,2.180890500863558,579
2026-04-13,IPCA,8.55,73.2567901234568,8.485067901234567,810
2026-04-13,Pré,160.95,175.21363636363637,15.440746212121212,132
2026-04-14,DI%,469.75,531.83,97.99235999999999,10
2026-04-14,DI+,120.0,216.13057432432433,2.1612945945945947,592
2026-04-14,IPCA,2.5,74.15758706467662,8.495439179104478,804
2026-04-14,Pré,147.10000000000002,186.6304347826087,15.49596304347826,138
2026-04-15,DI%,419.2,489.77777777777777,96.53668888888889,9
2026-04-15,DI+,119.0,180.1948364888124,1.801965404475043,581
2026-04-15,IPCA,-0.3,72.03585858585859,8.471725378787879,792
2026-04-15,Pré,128.2,186.01294964028776,15.506087050359714,139
2026-04-16,DI%,420.1,456.31111111111113,96.39111111111112,9
2026-04-16,DI+,119.1,207.65192629815746,2.076509380234506,597
2026-04-16,IPCA,0.15,66.21629353233831,8.408782711442786,804
2026-04-16,Pré,120.2,149.54344827586206,15.20212551724138,145
2026-04-17,DI%,420.7,463.4111111111111,96.54148888888888,9
2026-04-17,DI+,118.45,195.4965,1.9549851666666667,600
2026-04-17,IPCA,3.8,68.86282527881042,8.434094671623296,807
2026-04-17,Pré,135.9,169.35673758865246,15.246792198581561,141
2026-04-20,DI%,419.3,467.05555555555554,96.57783333333333,9
2026-04-20,DI+,117.5,175.73883161512026,1.7573757731958761,582
2026-04-20,IPCA,5.9,78.68316708229426,8.541256483790523,802
2026-04-20,Pré,130.25,172.38357142857143,15.285685714285714,140
2026-04-22,DI%,427.4,451.4222222222222,96.47984444444444,9
2026-04-22,DI+,118.6,184.97137989778534,1.8497385008517886,587
2026-04-22,IPCA,4.0,72.40226986128626,8.469703783102144,793
2026-04-22,Pré,129.9,168.62167832167833,15.348935664335666,143
2026-04-23,DI%,414.6,428.35555555555555,96.35578888888888,9
2026-04-23,DI+,118.6,195.3046551724138,1.9530474137931033,580
2026-04-23,IPCA,15.4,85.84373493975905,8.612948554216867,830
2026-04-23,Pré,109.2,145.14397163120566,15.34069929078014,141
2026-04-24,DI%,404.15,437.5,95.373425,8
2026-04-24,DI+,115.0,201.56389830508473,2.0156333898305085,590
2026-04-24,IPCA,15.6,89.88184049079754,8.658445030674846,815
2026-04-24,Pré,121.15,184.02499999999998,15.7143375,144
2026-04-27,DI%,491.9,472.64285714285717,94.43898571428572,7
2026-04-27,DI+,113.6,181.71010101010103,1.8170998316498315,594
2026-04-27,IPCA,21.35,101.67090680100755,8.793644458438287,794
2026-04-27,Pré,121.9,183.50431654676257,15.793210071942445,139
2026-04-28,DI%,410.2,488.04285714285714,94.26601428571428,7
2026-04-28,DI+,112.8,188.30936454849498,1.8830901337792643,598
2026-04-28,IPCA,21.9,97.62589395807646,8.739627866831073,811
2026-04-28,Pré,143.7,194.62013422818794,15.926820134228187,149
2026-04-29,DI%,410.5,497.3428571428571,94.36641428571428,7
2026-04-29,DI+,112.8,203.9983552631579,2.0399865131578947,608
2026-04-29,IPCA,28.4,106.49747793190416,8.840669609079445,793
2026-04-29,Pré,130.35,172.0422077922078,15.925822077922078,154
2026-04-30,DI%,410.4,519.842857142857,94.30695714285714,7
2026-04-30,DI+,110.0,189.82985318107666,1.8983132137030994,613
2026-04-30,IPCA,29.85,101.73522167487685,8.783510467980296,812
2026-04-30,Pré,129.45,176.00878378378377,15.784943918918918,148
2026-05-04,DI%,411.4,469.4142857142857,94.25959999999999,7
2026-05-04,DI+,112.2,181.99727427597955,1.8199884156729131,587
2026-05-04,IPCA,29.05,101.58240506329115,8.785961012658229,790
2026-05-04,Pré,123.55,165.22222222222223,15.861021527777776,144
2026-05-05,DI%,405.1,484.2142857142857,94.35798571428572,7
2026-05-05,DI+,109.5,185.80969899665553,1.8580894648829431,598
2026-05-05,IPCA,30.0,105.4031525851198,8.829177805800756,793
2026-05-05,Pré,143.5,170.28807947019868,15.81367417218543,151
2026-05-06,DI%,447.0,493.53333333333336,96.81081111111111,9
2026-05-06,DI+,110.35,182.8095394736842,1.8280893092105264,608
2026-05-06,IPCA,28.15,104.9394540942928,8.81590223325062,806
2026-05-06,Pré,139.3,184.34344827586207,15.74498275862069,145
2026-05-07,DI%,400.2,485.42857142857144,94.4736,7
2026-05-07,DI+,109.2,164.67865546218488,1.6467899159663866,595
2026-05-07,IPCA,29.4,104.68934131736528,8.812292694610779,835
2026-05-07,Pré,124.05,170.02083333333334,15.659318055555556,144
2026-05-08,DI%,387.5,-47.98333333333335,87.41091666666667,6
2026-05-08,DI+,109.5,165.2766386554622,1.652748907563025,595
2026-05-08,IPCA,26.95,99.47747524752475,8.75570457920792,808
2026-05-08,Pré,137.45,172.49864864864864,15.628043918918918,148
2026-05-11,DI%,400.0,402.3142857142857,93.51788571428571,7
2026-05-11,DI+,110.0,184.87403035413155,1.8487453625632377,593
2026-05-11,IPCA,24.65,94.96019656019656,8.711318427518428,814
2026-05-11,Pré,129.7,167.22027972027973,15.73264895104895,143
2026-05-12,DI%,400.0,215.0285714285714,91.61385714285714,7
2026-05-12,DI+,106.05000000000001,162.92880258899677,1.6292728155339804,618
2026-05-12,IPCA,32.6,98.51411338962605,8.74470349819059,829
2026-05-12,Pré,130.15,181.9612676056338,15.960571830985915,142
2026-05-13,DI%,438.3,506.20000000000005,96.9144,9
2026-05-13,DI+,109.1,160.40404040404042,1.6040242424242424,594
2026-05-13,IPCA,39.8,113.44418316831683,8.908057549504951,808
2026-05-13,Pré,117.2,159.5282894736842,15.991185526315789,152
2026-05-14,DI%,400.0,439.0,93.93988571428572,7
2026-05-14,DI+,110.5,160.48688245315162,1.6048659284497444,587
2026-05-14,IPCA,40.95,113.1545905707196,8.901173325062034,806
2026-05-14,Pré,126.6,152.74825174825176,15.844104195804197,143
2026-05-15,DI%,645.9,589.9875,96.5915375,8
2026-05-15,DI+,109.4,182.51996557659209,1.8252034423407917,581
2026-05-15,IPCA,43.5,109.88149556400506,8.864343219264892,789
2026-05-15,Pré,117.30000000000001,142.4891891891892,15.910833108108108,148
2026-05-18,DI%,421.0,262.5833333333333,90.21305,6
2026-05-18,DI+,105.3,171.77895622895622,1.717813468013468,594
2026-05-18,IPCA,44.4,120.8178391959799,8.989500502512563,796
2026-05-18,Pré,117.3,158.49862068965516,16.00953724137931,145
2026-05-19,DI%,436.15,495.48333333333335,92.68395,6
2026-05-19,DI+,105.5,167.28839137645107,1.6728751243781095,603
2026-05-19,IPCA,54.3,118.426609963548,8.95404495747266,823
2026-05-19,Pré,122.0,153.92013422818792,16.046610738255033,149
2026-05-20,DI%,421.15,464.4166666666667,92.50995,6
2026-05-20,DI+,105.25,154.0353242320819,1.540363651877133,586
2026-05-20,IPCA,52.5,116.83743718592966,8.939200376884422,796
2026-05-20,Pré,125.6,165.31428571428572,15.959769285714284,140
2026-05-21,DI%,421.15,438.04999999999995,92.51695000000001,6
2026-05-21,DI+,103.4,155.27684210526317,1.552770350877193,570
2026-05-21,IPCA,48.7,116.56712499999999,8.940858500000001,800
2026-05-21,Pré,161.55,174.83866666666665,16.008524666666666,150
2026-05-22,DI%,163.35,995.316,97.607904,50
2026-05-22,DI+,108.0,186.57016491754123,1.8657130434782607,667
2026-05-22,IPCA,53.65,116.10285388127855,8.930943607305936,876
2026-05-22,Pré,145.1,162.7108108108108,15.85654391891892,148
2026-05-25,DI%,168.85,1019.51,97.44353,50
2026-05-25,DI+,107.8,185.29485294117646,1.8529522058823529,680
2026-05-25,IPCA,52.9,115.54096662830841,8.929161219792865,869
2026-05-25,Pré,152.9,174.33046357615896,15.821907947019866,151
2026-05-26,DI%,180.3,1086.172,97.62620199999999,50
2026-05-26,DI+,105.9,196.30890510948905,1.9630950364963504,685
2026-05-26,IPCA,51.25,120.9966894977169,8.986917237442922,876
2026-05-26,Pré,145.14999999999998,168.31216216216217,15.866374324324322,148
2026-05-27,DI%,174.7,1110.165306122449,97.84270408163266,49
2026-05-27,DI+,106.30000000000001,191.63884057971012,1.916375652173913,690
2026-05-27,IPCA,32.8,111.68234636871507,9.03822938547486,895
2026-05-27,Pré,128.15,145.85855263157896,15.622464473684209,152
2026-05-28,DI%,188.65,1094.81,97.900972,50
2026-05-28,DI+,104.69999999999999,180.92549857549858,1.8092528490028488,702
2026-05-28,IPCA,28.6,100.28002296211251,8.914433409873707,871
2026-05-28,Pré,139.65,167.05208333333334,15.847405555555557,144
2026-05-29,DI%,208.75,1018.52,97.84303799999999,50
2026-05-29,DI+,105.0,184.05699558173785,1.8405555228276878,679
2026-05-29,IPCA,26.8,99.20140845070424,8.945002112676057,852
2026-05-29,Pré,145.5,165.9523178807947,15.850658940397352,151
2026-06-01,DI%,235.9,1127.8510638297873,97.60700425531915,47
2026-06-01,DI+,109.05000000000001,195.3671686746988,1.9536560240963854,664
2026-06-01,IPCA,27.6,102.64045197740113,9.04010836158192,885
2026-06-01,Pré,125.3,146.68689655172412,15.738109655172414,145
2026-06-02,DI%,228.4,1008.7816326530611,97.69122653061224,49
2026-06-02,DI+,108.7,185.03045387994143,1.8502973645680818,683
2026-06-02,IPCA,27.2,99.38213879408418,9.062143344709897,879
2026-06-02,Pré,133.6,170.86027397260273,16.099655479452053,146
2026-06-03,DI%,235.95,969.9692307692308,98.06733269230769,52
2026-06-03,DI+,105.1,183.90995542347696,1.839126894502229,673
2026-06-03,IPCA,23.0,95.48663646659116,9.196295130237825,883
2026-06-03,Pré,101.1,137.7829931972789,16.067963265306123,147
2026-06-05,DI%,188.9,972.3795918367347,97.46402244897959,49
2026-06-05,DI+,105.5,181.7547033285094,1.817570477568741,691
2026-06-05,IPCA,21.0,85.83019517795638,9.27018668197474,871
2026-06-05,Pré,106.4,118.88266666666668,16.115327999999998,150
2026-06-08,DI%,189.2,1163.2115384615386,95.95758269230768,52
2026-06-08,DI+,113.5,246.4208494208494,2.4642056628056626,777
2026-06-08,IPCA,27.6,100.33221621621622,9.508501297297297,925
2026-06-08,Pré,110.8,130.25548387096774,16.401514193548387,155
2026-06-09,DI%,216.45,1473.1666666666667,97.37655555555556,54
2026-06-09,DI+,114.85,272.7472431077694,2.7274745614035085,798
2026-06-09,IPCA,38.6,107.22795918367346,9.594164387755102,980
2026-06-09,Pré,123.0,130.57735849056604,16.45311320754717,159
2026-06-10,DI%,256.75,1002.3333333333334,96.10826458333334,48
2026-06-10,DI+,113.0,248.42752525252527,2.4842785353535355,792
2026-06-10,IPCA,37.3,119.72165271966527,9.698608158995816,956
2026-06-10,Pré,120.1,141.4169934640523,16.588627450980393,153
2026-06-11,DI%,128.89999999999998,-137.63541666666666,95.42105208333334,48
2026-06-11,DI+,113.7,222.07893368010406,2.2207854356306895,769
2026-06-11,IPCA,48.55,130.27186836518047,9.56254532908705,942
2026-06-11,Pré,149.7,169.06887417218545,16.5136059602649,151
2026-06-12,DI%,180.1,1161.142,98.013844,50
2026-06-12,DI+,111.4,212.05098296199213,2.1205061598951507,763
2026-06-12,IPCA,36.45,113.01852248394005,9.342596038543897,934
2026-06-12,Pré,134.25,157.9157894736842,16.2744,152
2026-06-15,DI%,152.0,131.62608695652173,97.37699565217392,46
2026-06-15,DI+,109.4,185.8982597054886,1.8589775100401604,747
2026-06-15,IPCA,28.0,103.2271383315734,9.255676240760296,947
2026-06-15,Pré,108.9,127.18933333333334,15.823528,150
2026-06-16,DI%,133.4,962.7,95.47537346938776,49
2026-06-16,DI+,108.05,182.08849206349205,1.8208989417989419,756
2026-06-16,IPCA,21.95,102.15310492505353,9.35613340471092,934
2026-06-16,Pré,122.65,136.6530864197531,15.985255555555554,162
2026-06-17,DI%,135.6,275.734693877551,96.36772857142856,49
2026-06-17,DI+,109.3,224.2278295605859,2.2422850865512647,751
2026-06-17,IPCA,22.5,99.71673684210526,9.452744,950
2026-06-17,Pré,113.1,133.92641509433963,16.135896226415095,159
2026-06-18,DI%,117.9,-144.66938775510204,96.17530204081632,49
2026-06-18,DI+,113.6,193.16815789473682,1.9316955263157896,760
2026-06-18,IPCA,24.0,102.31299254526091,9.537854206602768,939
2026-06-18,Pré,102.4,125.80322580645161,16.30086451612903,155
2026-06-19,DI%,127.75,1.385416666666676,97.91034375,48
2026-06-19,DI+,107.05000000000001,247.06148648648647,2.4706360810810812,740
2026-06-19,IPCA,15.9,94.24463705308776,9.583798266522209,923
2026-06-19,Pré,97.5,120.89144736842105,16.354282894736844,152
2026-06-22,DI%,160.8,1787.0479999999998,95.82372600000001,50
2026-06-22,DI+,111.1,198.3369536423841,1.9833639735099335,755
2026-06-22,IPCA,25.85,105.67670212765958,9.635236914893618,940
2026-06-22,Pré,109.6,143.69932885906042,16.44320268456376,149
2026-06-23,DI%,211.75,1132.4520000000002,97.935188,50
2026-06-23,DI+,110.0,221.8017195767196,2.2180261904761904,756
2026-06-23,IPCA,30.7,105.09019812304484,9.58495370177268,959
2026-06-23,Pré,118.8,146.66967741935483,16.36601935483871,155
2026-06-24,DI%,176.2,1122.104,97.84273999999999,50
2026-06-24,DI+,103.5,241.4656671664168,2.41466431784108,667
2026-06-24,IPCA,14.25,84.76479217603912,9.347276405867971,818
2026-06-24,Pré,134.25,162.5328947368421,16.300319736842106,76
2026-06-25,DI%,277.6,222.90222222222224,100.05096222222222,45
2026-06-25,DI+,106.4,208.0703759398496,2.0807082706766917,665
2026-06-25,IPCA,13.4,84.23533653846154,9.304521874999999,832
2026-06-25,Pré,133.60000000000002,159.12692307692308,16.267058974358974,78
2026-06-26,DI%,255.2,208.04651162790697,99.78604651162792,43
2026-06-26,DI+,103.30000000000001,182.3154761904762,1.8231601190476192,672
2026-06-26,IPCA,12.1,81.60593119810201,9.253896678529063,843
2026-06-26,Pré,134.8,162.18101265822784,16.227146835443037,79
2026-06-29,DI%,240.3,1196.1489361702127,97.74283191489361,47
2026-06-29,DI+,102.8,178.84294294294293,1.7884364864864866,666
2026-06-29,IPCA,13.1,82.30701545778834,9.254826991676575,841
2026-06-29,Pré,148.4,167.24805194805197,16.236724675324673,77
2026-06-30,DI%,200.0,1221.6957446808512,98.00057234042553,47
2026-06-30,DI+,103.35,195.15208333333334,1.9515111607142859,672
2026-06-30,IPCA,12.3,87.53867141162516,9.287156939501779,843
2026-06-30,Pré,150.64999999999998,155.30375,15.97571625,80
2026-07-01,DI%,243.3,1106.534693877551,98.00280000000001,49
2026-07-01,DI+,106.2,196.00835820895523,1.9600764179104477,670
2026-07-01,IPCA,7.550000000000001,78.91063569682152,9.291014180929096,818
2026-07-01,Pré,137.0,149.904,16.098792,75
2026-07-02,DI%,210.8,1069.1489361702127,97.63715531914893,47
2026-07-02,DI+,104.35,184.6725225225225,1.84670015015015,666
2026-07-02,IPCA,7.8,78.7088915956151,9.340983191230206,821
2026-07-02,Pré,125.0,130.57820512820513,16.030858974358974,78
2026-07-03,DI%,207.9,1033.0829787234043,97.84750212765957,47
2026-07-03,DI+,104.0,178.29941002949852,1.783001179941003,678
2026-07-03,IPCA,15.8,80.87938388625592,9.259104028436019,844
2026-07-03,Pré,130.0,136.88354430379746,15.984553164556962,79
2026-07-06,DI%,81.6,195.3422222222222,99.73489333333333,45
2026-07-06,DI+,104.5,204.09428571428572,2.04093984962406,665
2026-07-06,IPCA,11.3,81.32957055214725,9.215761963190184,815
2026-07-06,Pré,130.7,145.23116883116882,16.005884415584415,77
2026-07-07,DI%,69.2,1149.2111111111112,97.61998,45
2026-07-07,DI+,104.0,193.67811094452773,1.9367820089955021,667
2026-07-07,IPCA,13.6,84.60175849941383,9.227648769050411,853
2026-07-07,Pré,111.95,134.92125000000001,15.97288375,80
2026-07-08,DI%,52.55,1180.7152173913043,97.35835869565217,46
2026-07-08,DI+,104.2,220.37062314540057,2.2037280415430267,674
2026-07-08,IPCA,11.4,85.06869671132765,9.240080633373934,821
2026-07-08,Pré,119.80000000000001,142.5575,16.126058750000002,80
2026-07-09,DI%,256.1,1190.8416666666667,98.06836874999999,48
2026-07-09,DI+,104.9,194.17484939759038,1.9417545180722893,664
2026-07-09,IPCA,12.05,83.46580246913581,9.162983580246914,810
2026-07-09,Pré,127.65,133.7513157894737,15.933269736842105,76
2026-07-10,DI%,206.2,1060.034693877551,97.59635510204082,49
2026-07-10,DI+,103.55000000000001,195.11565349544074,1.9511618541033433,658
2026-07-10,IPCA,15.2,80.65513126491646,9.05097291169451,838
2026-07-10,Pré,144.1,164.71558441558443,16.0820025974026,77
2026-07-13,DI%,206.5,1052.1591836734692,97.4878775510204,49
2026-07-13,DI+,103.7,194.66506024096387,1.9466621987951807,664
2026-07-13,IPCA,10.1,82.52615933412604,9.124616765755054,841
2026-07-13,Pré,127.15,135.03846153846155,15.909211538461538,78
2026-07-14,DI%,206.6,1098.7897959183672,97.5324306122449,49
2026-07-14,DI+,103.7,208.89169139465875,2.088914836795252,674
2026-07-14,IPCA,15.55,87.14233490566038,9.093434316037735,848
2026-07-14,Pré,144.4,156.90632911392404,16.022043037974683,79
2026-07-15,DI%,243.3,1159.167924528302,98.13248301886793,53
2026-07-15,DI+,103.9,178.48491704374058,1.7848470588235292,663
2026-07-15,IPCA,11.75,81.02919708029196,8.986360827250609,822
2026-07-15,Pré,141.1,141.77875,15.853219999999999,80
2026-07-16,DI%,138.2,-77.2018867924528,97.36472641509434,53
2026-07-16,DI+,107.6,245.01968295904888,2.450198282694848,757
2026-07-16,IPCA,22.6,106.23132275132276,9.260193439153438,945
2026-07-16,Pré,100.5,129.20377358490566,15.77546289308176,159
2026-07-17,DI%,158.39999999999998,-53.39642857142855,96.85828392857142,56
2026-07-17,DI+,110.0,257.3968911917098,2.573985103626943,772
2026-07-17,IPCA,16.6,101.6454054054054,9.287952432432432,925
2026-07-17,Pré,100.3,110.66838709677418,15.768744516129033,155
2026-07-20,DI%,134.05,-87.19642857142856,97.62255357142858,56
2026-07-20,DI+,110.0,258.64614379084964,2.586482483660131,765
2026-07-20,IPCA,20.1,117.29857923497268,9.488605027322404,915
2026-07-20,Pré,94.25,135.224,16.095000666666667,150
2026-07-21,DI%,133.6,917.5836363636363,97.00348363636364,55
2026-07-21,DI+,107.2,255.1367320261438,2.5513576470588237,765
2026-07-21,IPCA,18.0,110.28729641693812,9.449128990228013,921
2026-07-21,Pré,106.4,141.9615894039735,16.195476821192052,151
2026-07-22,DI%,297.1,1468.2690909090907,98.02501272727272,55
2026-07-22,DI+,110.5,270.86911957950065,2.7086831800262807,761
2026-07-22,IPCA,20.8,102.81733477789815,9.438620585048753,923
2026-07-22,Pré,82.6,114.844,15.970918,150
2026-07-23,DI%,67.3,948.0890909090909,97.96140727272727,55
2026-07-23,DI+,109.5,265.8440789473684,2.658445921052632,760
2026-07-23,IPCA,26.0,110.31228632478633,9.50258985042735,936
2026-07-23,Pré,99.75,143.3358108108108,16.447295945945946,148
2026-07-24,DI%,60.25,903.6277777777776,97.77316111111112,54
2026-07-24,DI+,106.5,259.7231274638633,2.59723679369251,761
2026-07-24,IPCA,23.5,115.93888888888888,9.491701333333333,900
2026-07-24,Pré,120.5,157.65714285714284,16.406337414965986,147
2026-07-27,DI%,274.0,1627.1037037037038,98.54785925925925,54
2026-07-27,DI+,110.5,244.37904509283817,2.4437733421750663,754
2026-07-27,IPCA,20.8,112.03187294633078,9.413881708652793,913
2026-07-27,Pré,117.7,154.6517006802721,16.301148299319728,147
2026-07-28,DI%,204.1,1294.729090909091,98.51736909090909,55
2026-07-28,DI+,112.9,281.7396178343949,2.817378598726115,785
2026-07-28,IPCA,35.099999999999994,119.95171673819742,9.503845708154506,932
2026-07-28,Pré,101.6,141.39627329192547,16.053600000000003,161
2026-07-29,DI%,142.9,877.1882352941176,95.1849549019608,51
2026-07-29,DI+,109.0,194.85361366622865,1.948531800262812,761
2026-07-29,IPCA,22.1,113.10579399141632,9.523801716738197,932
2026-07-29,Pré,106.30000000000001,129.695,15.890725624999998,160
2026-07-30,DI%,376.9,252.9918367346939,100.58141224489796,49
2026-07-30,DI+,109.9,256.0862290862291,2.560862548262548,777
2026-07-30,IPCA,32.7,115.21033013844516,9.592760063897762,939
2026-07-30,Pré,127.65,151.536875,16.085635,160
2026-07-31,DI%,319.45,226.19464285714284,100.54505178571428,56
2026-07-31,DI+,109.1,264.45454545454544,2.6445445187165775,748
2026-07-31,IPCA,28.15,120.62748344370861,9.493074613686534,906
2026-07-31,Pré,124.5,147.00714285714284,16.008990909090908,154
2026-08-03,DI%,163.5,176.7527272727273,100.03027636363637,55
2026-08-03,DI+,109.0,262.13034300791554,2.6213133245382587,758
2026-08-03,IPCA,33.65,134.3557939914163,9.568075643776824,932
2026-08-03,Pré,120.4,149.00127388535032,15.881320382165605,157
2026-08-04,DI%,274.1,216.32592592592593,100.38165925925925,54
2026-08-04,DI+,110.35,254.14005235602093,2.5414106020942406,764
2026-08-04,IPCA,27.8,129.9574152542373,9.565617372881357,944
2026-08-04,Pré,105.4,143.553125,15.876563749999999,160
2026-08-05,DI%,265.65,22.98333333333334,98.47257222222223,54
2026-08-05,DI+,109.5,237.71062740076826,2.3771111395646605,781
2026-08-05,IPCA,25.549999999999997,129.07592190889372,9.531514316702822,922
2026-08-05,Pré,110.80000000000001,132.495625,15.695928125,160
2026-08-06,DI%,311.2,233.04807692307693,100.490975,52
2026-08-06,DI+,102.7,177.54162826420892,1.775421351766513,651
2026-08-06,IPCA,12.4,86.55251612903226,9.099405677419355,775
2026-08-06,Pré,188.2,197.9142857142857,16.5649873015873,63
2026-08-07,DI%,280.79999999999995,306.31851851851854,101.25170185185186,54
2026-08-07,DI+,109.1,256.59252336448594,2.5659345794392525,749
2026-08-07,IPCA,33.8,132.5261980830671,9.48308541001065,939
2026-08-07,Pré,103.2,146.01447368421054,15.902896052631581,152
2026-08-10,DI%,332.65,298.7962962962963,101.19600555555556,54
2026-08-10,DI+,108.8,261.0859922178988,2.6108466926070037,771
2026-08-10,IPCA,26.45,124.54123376623377,9.412883333333333,924
2026-08-10,Pré,105.95,140.81062500000002,15.92399375,160
2026-08-11,DI%,280.0,243.11228070175437,100.72674385964912,57
2026-08-11,DI+,109.35,267.9676392572944,2.6796907161803714,754
2026-08-11,IPCA,30.799999999999997,116.40788336933045,9.377338120950323,926
2026-08-11,Pré,96.2,138.0030303030303,15.970464848484847,165
2026-08-12,DI%,346.1,287.1074074074074,101.07091481481481,54
2026-08-12,DI+,105.0,266.2090432503277,2.6620968545216255,763
2026-08-12,IPCA,22.5,122.94028540065862,9.373390230515916,911
2026-08-12,Pré,107.4,131.733125,15.921895000000001,160
2026-08-13,DI%,165.0,107.60754716981134,98.47370377358492,53
2026-08-13,DI+,110.4,227.47044854881267,2.274705408970976,758
2026-08-13,IPCA,28.75,125.01447084233261,9.400772570194386,926
2026-08-13,Pré,108.65,151.8358024691358,16.20000061728395,162
2026-08-14,DI%,191.5,195.20188679245285,100.22770566037737,53
2026-08-14,DI+,108.0,277.9617608409987,2.7796084099868597,761
2026-08-14,IPCA,30.2,123.29945711183497,9.404287839305102,921
2026-08-14,Pré,95.3,122.65696202531645,15.991697468354431,158
2026-08-17,DI%,112.0,127.42545454545454,99.69238909090909,55
2026-08-17,DI+,104.8,266.85449871465295,2.6685523136246787,778
2026-08-17,IPCA,26.299999999999997,124.5299356223176,9.354950536480686,932
2026-08-17,Pré,111.9,150.7632911392405,16.279679746835445,158
2026-08-18,DI%,202.6,708.1185185185185,97.05303333333333,54
2026-08-18,DI+,104.9,243.11482444733417,2.4311416124837453,769
2026-08-18,IPCA,20.3,117.05383783783785,9.274072756756755,925
2026-08-18,Pré,96.7,114.36783625730995,15.887245614035088,171
2026-08-19,DI%,284.6,805.6018181818183,97.31118363636364,55
2026-08-19,DI+,107.2,268.97503168567806,2.689755893536122,789
2026-08-19,IPCA,26.2,121.43864370290635,9.254280839612486,929
2026-08-19,Pré,112.4,131.69634146341463,15.963723170731708,164
2026-08-20,DI%,117.65,94.5346153846154,97.92546923076922,52
2026-08-20,DI+,105.8,239.93562913907283,2.3993760264900663,755
2026-08-20,IPCA,31.85,133.25806794055202,9.32838609341826,942
2026-08-20,Pré,110.2,144.09937888198758,16.15902857142857,161
2026-08-21,DI%,4.2,-16.40185185185185,98.05048888888888,54
2026-08-21,DI+,102.8,260.0981407702523,2.6009865869853916,753
2026-08-21,IPCA,28.85,124.6617088607595,9.215262025316456,948
2026-08-21,Pré,113.6,157.84787878787878,16.16092,165
2026-08-24,DI%,66.1,168.83272727272725,99.27600181818181,55
2026-08-24,DI+,108.6,297.5399239543726,2.9753911280101395,789
2026-08-24,IPCA,27.85,125.37537796976243,9.246038120950324,926
2026-08-24,Pré,110.3,134.45987261146496,15.915485987261146,157
2026-08-25,DI%,221.8,122.84727272727277,99.38351272727273,55
2026-08-25,DI+,106.5,257.45234375,2.5745368489583336,768
2026-08-25,IPCA,30.4,135.55526601520086,9.344795548317046,921
2026-08-25,Pré,136.2,149.70254777070062,16.01341464968153,157
2026-08-26,DI%,220.1,84.67454545454544,99.73692727272727,55
2026-08-26,DI+,102.45,257.0751937984496,2.570756976744186,774
2026-08-26,IPCA,30.5,136.84226254002135,9.369336499466383,937
2026-08-26,Pré,133.60000000000002,154.57407407407408,16.073161111111112,162
2026-08-27,DI%,265.5,80.26363636363637,99.04618363636364,55
2026-08-27,DI+,105.80000000000001,270.6523498694517,2.7065127937336815,766
2026-08-27,IPCA,35.3,138.58689057421452,9.323780173347778,923
2026-08-27,Pré,146.0,172.54545454545453,16.27138,165
2026-08-28,DI%,140.2,14.240000000000013,98.43479454545455,55
2026-08-28,DI+,106.0,249.5965206185567,2.4959648195876287,776
2026-08-28,IPCA,30.5,133.2208067940552,9.292505732484075,942
2026-08-28,Pré,107.7,150.00314465408806,16.114043396226414,159
2026-08-31,DI%,85.6,119.29259259259261,99.55701851851852,54
2026-08-31,DI+,104.55,241.06204663212435,2.4106172279792744,772
2026-08-31,IPCA,28.2,133.98512486427796,9.32620434310532,921
2026-08-31,Pré,99.15,141.53024691358024,16.05664135802469,162
2026-09-01,DI%,88.35,152.80370370370366,99.75342037037036,54
2026-09-01,DI+,106.85,307.7108527131783,3.077105943152455,774
2026-09-01,IPCA,38.25,141.84474248927037,9.36218626609442,932
2026-09-01,Pré,149.95,176.97341772151898,16.367498734177214,158
2026-09-02,DI%,317.25,1040.3148148148148,99.23812222222223,54
2026-09-02,DI+,107.8,262.5052362707535,2.625047637292465,783
2026-09-02,IPCA,34.35,137.11239316239315,9.261172542735043,936
2026-09-02,Pré,142.0,166.3475,16.096936875,160
2026-09-03,DI%,261.7,109.39056603773587,99.29130566037736,53
2026-09-03,DI+,107.4,224.4201822916667,2.2441865885416665,768
2026-09-03,IPCA,39.6,139.165756302521,9.211539390756302,952
2026-09-03,Pré,147.0,166.48588957055216,16.00284601226994,163
2026-09-04,DI%,204.0,944.3789473684211,99.03334561403508,57
2026-09-04,DI+,107.35,264.9220512820513,2.6492032051282055,780
2026-09-04,IPCA,36.2,133.74502673796792,9.118139679144386,935
2026-09-04,Pré,119.3,158.43413173652695,15.8848874251497,167
2026-09-08,DI%,223.2,929.694827586207,99.35701724137931,58
2026-09-08,DI+,106.95,285.549609375,2.8554989583333334,768
2026-09-08,IPCA,38.2,135.53397231096912,9.03212513312034,939
2026-09-08,Pré,157.5,187.79738562091504,16.03062026143791,153
2026-09-09,DI%,180.25,871.553448275862,99.09458448275862,58
2026-09-09,DI+,105.2,342.80167310167315,3.428021106821107,777
2026-09-09,IPCA,33.4,132.30254237288136,9.034773622881357,944
2026-09-09,Pré,104.2,141.09748427672955,15.685010691823901,159
2026-09-10,DI%,225.5,751.1999999999999,98.24255172413794,58
2026-09-10,DI+,107.94999999999999,326.62289002557543,3.266230179028133,782
2026-09-10,IPCA,46.5,147.56069546891464,9.10576606954689,949
2026-09-10,Pré,126.2,182.18509316770187,16.10018447204969,161
2026-09-11,DI%,282.9,969.359649122807,100.14876315789475,57
2026-09-11,DI+,107.75,308.2630434782609,3.0826331202046036,782
2026-09-11,IPCA,41.0,138.64066168623265,8.943091355389543,937
2026-09-11,Pré,101.19999999999999,148.63544303797468,15.735008860759494,158
2026-09-14,DI%,236.15,826.5428571428572,99.08529821428571,56
2026-09-14,DI+,105.4,282.68168130489335,2.8268040150564615,797
2026-09-14,IPCA,37.15,127.84491525423729,8.859361016949153,944
2026-09-14,Pré,114.2,155.15155279503105,15.864237888198758,161
2026-09-15,DI%,85.2,899.9156862745098,95.59166666666667,51
2026-09-15,DI+,105.1,239.7869220607662,2.3978739762219283,757
2026-09-15,IPCA,31.450000000000003,130.4124458874459,8.92501158008658,924
2026-09-15,Pré,115.1,169.95677419354837,16.107641290322583,155
2026-09-16,DI%,142.3,1651.0527272727272,96.44123636363636,55
2026-09-16,DI+,110.0,262.4500653594771,2.6245166013071897,765
2026-09-16,IPCA,41.6,143.3700106723586,9.034064140875135,937
2026-09-16,Pré,127.5,142.855900621118,15.74625652173913,161
2026-09-17,DI%,201.1,1037.9055555555556,98.54154814814814,54
2026-09-17,DI+,105.0,297.1319790301442,2.971316382699869,763
2026-09-17,IPCA,55.4,144.65237592397042,8.976580570221753,947
2026-09-17,Pré,109.7,157.15886075949365,15.852415822784812,158
2026-09-18,DI%,211.5,75.32452830188677,99.13146603773585,53
2026-09-18,DI+,104.8,278.26828309305375,2.782678636959371,763
2026-09-18,IPCA,46.1,142.741393875396,8.961444878563887,947
2026-09-18,Pré,139.5,171.99225806451614,16.01662387096774,155
2026-09-21,DI%,3.1000000000000005,782.5481481481481,96.49309814814815,54
2026-09-21,DI+,106.25,256.08046874999997,2.560803776041667,768
2026-09-21,IPCA,48.75,138.42664473684212,8.922229605263158,912
2026-09-21,Pré,134.0,172.80370370370372,15.893104320987653,162
2026-09-22,DI%,3.5,58.40566037735847,99.12316603773584,53
2026-09-22,DI+,107.0,266.1372836218376,2.6613616511318243,751
2026-09-22,IPCA,51.1,143.40756756756755,8.992694918918918,925
2026-09-22,Pré,124.05,195.443125,16.1110475,160
2026-09-23,DI%,170.45,256.79814814814813,100.77078148148148,54
2026-09-23,DI+,108.3,233.55549668874173,2.3355602649006624,755
2026-09-23,IPCA,59.6,146.94810126582277,9.04560970464135,948
2026-09-23,Pré,136.6,172.443949044586,15.967306369426751,157
2026-09-24,DI%,148.75,232.2458333333333,100.10285208333333,48
2026-09-24,DI+,107.4,277.6941952506596,2.7769398416886544,758
2026-09-24,IPCA,60.349999999999994,148.1868365180467,9.049518152866241,942
2026-09-24,Pré,121.5,158.26666666666668,15.853412962962963,162
2026-09-25,DI%,298.25,264.56800000000004,100.314188,50
2026-09-25,DI+,105.8,247.64530244530243,2.4764387387387385,777
2026-09-25,IPCA,63.9,145.44600638977636,9.003768477103302,939
2026-09-25,Pré,131.3,172.27006369426752,15.94316178343949,157
2026-09-28,DI%,233.5,334.7755102040816,101.24123673469387,49
2026-09-28,DI+,109.5,288.33032258064515,2.8832839999999997,775
2026-09-28,IPCA,68.6,156.60387029288702,9.156435669456068,956
2026-09-28,Pré,127.3,172.65652173913043,16.054954658385093,161
2026-09-29,DI%,-14.4,242.9085714285714,94.11480571428571,35
2026-09-29,DI+,107.4,228.1641866330391,2.281642749054224,793
2026-09-29,IPCA,73.8,159.09213114754098,9.112887540983607,915
2026-09-29,Pré,122.5,187.7879746835443,16.143095569620254,158
2026-09-30,DI%,18.75,306.8315789473684,98.83945789473684,38
2026-09-30,DI+,107.0,246.3689700130378,2.463711603650587,767
2026-09-30,IPCA,67.7,152.25690200210747,9.047878398314014,949
2026-09-30,Pré,128.55,189.27658227848102,16.124377848101265,158
2026-10-01,DI%,257.0,134.43,99.8315425,40
2026-10-01,DI+,106.95,263.07135278514585,2.6307241379310344,754
2026-10-01,IPCA,67.95,150.5987750556793,9.054601781737194,898
2026-10-01,Pré,146.6,198.88980891719746,16.32151337579618,157
2026-10-02,DI%,181.15,314.7425,100.4180075,40
2026-10-02,DI+,111.80000000000001,277.0209809264305,2.770211716621253,734
2026-10-02,IPCA,73.5,152.46351791530944,9.01021368078176,921
2026-10-02,Pré,138.2,172.18076923076924,15.977416666666667,156
2026-10-05,DI%,144.8,209.74102564102563,99.28392307692307,39
2026-10-05,DI+,106.7,312.4284327323162,3.1242775312066575,721
2026-10-05,IPCA,92.0,179.65055309734515,8.835271238938054,904
2026-10-05,Pré,163.25,233.10632911392406,15.38753987341772,158
2026-10-06,DI%,108.9,200.67073170731706,99.32743658536586,41
2026-10-06,DI+,108.7,260.5057718120805,2.605060134228188,745
2026-10-06,IPCA,82.15,187.2111111111111,8.835755235042736,936
2026-10-06,Pré,179.7,217.2,15.126955,160
2026-10-07,DI%,127.0,276.15121951219515,99.90571463414634,41
2026-10-07,DI+,110.0,265.0732634338139,2.6507313237221495,763
2026-10-07,IPCA,87.75,182.30148936170212,8.690093829787234,940
2026-10-07,Pré,179.7,205.9746835443038,15.008043670886076,158
2026-10-08,DI%,44.699999999999996,75.95476190476191,98.1338880952381,42
2026-10-08,DI+,113.15,267.1917322834646,2.6719061679790026,762
2026-10-08,IPCA,88.7,184.33846153846153,8.612629360780065,923
2026-10-08,Pré,175.95,222.36488095238096,15.071625,168
2026-10-09,DI%,56.2,383.6190476190476,99.20552619047619,42
2026-10-09,DI+,113.0,268.03833116036503,2.6803761408083444,767
2026-10-09,IPCA,88.8,183.75471898197245,8.566419194061506,943
2026-10-09,Pré,157.75,216.8875,14.840513125000001,160
